ID_Startup,Nome_Real,Status_Real,Rotulo_Categorico,Categoria_Evento_Critico,Con_Probabilidade,Con_Veredito,Con_Categoria_Risco,Gen_Probabilidade,Gen_Veredito,Gen_Categoria_Risco,Diabo_Probabilidade,Diabo_Veredito,Diabo_Categoria_Risco,Anali_Probabilidade,Anali_Veredito,Anali_Categoria_Risco,Anjo_Probabilidade,Anjo_Veredito,Anjo_Categoria_Risco,Epist_Probabilidade,Epist_Veredito,Epist_Categoria_Risco,Reg_Probabilidade,Reg_Veredito,Reg_Categoria_Risco
F01,Quibi,Falha,Sem necessidade de mercado,Sem necessidade de mercado,30.0,Necessita Pivotagem,Problema de preço ou custo,65.0,Necessita Pivotagem,Concorrência predatória,30.0,Necessita Pivotagem,Problema de preço ou custo,40.0,Necessita Pivotagem,Problema de preço ou custo,30.0,Rejeitada,Sem necessidade de mercado,30.0,Necessita Pivotagem,Problema de preço ou custo,30.0,Necessita Pivotagem,Concorrência predatória
F02,Theranos,Falha,Problema regulatório ou legal,Problema regulatório ou legal,30.0,Necessita Pivotagem,Equipe inadequada,40.0,Necessita Pivotagem,Problema regulatório ou legal,20.0,Rejeitada,Equipe inadequada,30.0,Necessita Pivotagem,Problema regulatório ou legal,20.0,Rejeitada,Equipe inadequada,20.0,Rejeitada,Equipe inadequada,20.0,Rejeitada,Problema regulatório ou legal
F03,Juicero,Falha,Sem necessidade de mercado,Sem necessidade de mercado,30.0,Necessita Pivotagem,Problema de preço ou custo,55.0,Necessita Pivotagem,Produto ruim,20.0,Rejeitada,Produto ruim,30.0,Necessita Pivotagem,Produto ruim,30.0,Necessita Pivotagem,Produto ruim,20.0,Rejeitada,Produto ruim,30.0,Necessita Pivotagem,Concorrência predatória
F04,23andMe,Falha,Problema regulatório ou legal,Problema regulatório ou legal,65.0,Necessita Pivotagem,Problema regulatório ou legal,65.0,Necessita Pivotagem,Concorrência predatória,30.0,Necessita Pivotagem,Problema regulatório ou legal,70.0,Necessita Pivotagem,Problema regulatório ou legal,65.0,Necessita Pivotagem,Problema regulatório ou legal,30.0,Necessita Pivotagem,Problema de preço ou custo,40.0,Necessita Pivotagem,Problema regulatório ou legal
F05,Jawbone,Falha,Problema de preço ou custo,Problema de preço ou custo,40.0,Necessita Pivotagem,Concorrência predatória,50.0,Necessita Pivotagem,Concorrência predatória,20.0,Rejeitada,Concorrência predatória,30.0,Necessita Pivotagem,Produto ruim,30.0,Rejeitada,Concorrência predatória,40.0,Necessita Pivotagem,Problema de preço ou custo,30.0,Necessita Pivotagem,Concorrência predatória
F06,Anki,Falha,Fim do caixa,Fim do caixa,40.0,Necessita Pivotagem,Problema de preço ou custo,55.0,Necessita Pivotagem,Produto ruim,20.0,Rejeitada,Equipe inadequada,30.0,Necessita Pivotagem,Equipe inadequada,30.0,Rejeitada,Equipe inadequada,20.0,Rejeitada,Problema de preço ou custo,30.0,Necessita Pivotagem,Concorrência predatória
F07,Sidecar,Falha,Concorrência predatória,Concorrência predatória,30.0,Necessita Pivotagem,Concorrência predatória,30.0,Necessita Pivotagem,Concorrência predatória,20.0,Rejeitada,Concorrência predatória,20.0,Rejeitada,Concorrência predatória,30.0,Necessita Pivotagem,Concorrência predatória,30.0,Necessita Pivotagem,Concorrência predatória,20.0,Rejeitada,Problema regulatório ou legal
F08,Color,Falha,Sem necessidade de mercado,Sem necessidade de mercado,35.0,Necessita Pivotagem,Problema de preço ou custo,40.0,Necessita Pivotagem,Problema de preço ou custo,20.0,Rejeitada,Modelo de negócios falho,20.0,Rejeitada,Modelo de negócios falho,30.0,Necessita Pivotagem,Sem necessidade de mercado,30.0,Necessita Pivotagem,Problema de preço ou custo,30.0,Necessita Pivotagem,Concorrência predatória
F09,Clinkle,Falha,Equipe inadequada,Equipe inadequada,30.0,Necessita Pivotagem,Concorrência predatória,30.0,Necessita Pivotagem,Concorrência predatória,20.0,Rejeitada,Equipe inadequada,20.0,Rejeitada,Equipe inadequada,20.0,Rejeitada,Concorrência predatória,20.0,Rejeitada,Equipe inadequada,20.0,Rejeitada,Problema regulatório ou legal
F10,Beepi,Falha,Fim do caixa,Fim do caixa,55.0,Necessita Pivotagem,Concorrência predatória,55.0,Necessita Pivotagem,Produto ruim,30.0,Necessita Pivotagem,Produto ruim,40.0,Necessita Pivotagem,Modelo de negócios falho,30.0,Necessita Pivotagem,Problema de preço ou custo,30.0,Necessita Pivotagem,Produto ruim,30.0,Necessita Pivotagem,Problema regulatório ou legal
S01,Airbnb,Ativa,,Sem necessidade de mercado,30.0,Necessita Pivotagem,Produto ruim,55.0,Necessita Pivotagem,Produto ruim,20.0,Rejeitada,Problema de preço ou custo,30.0,Necessita Pivotagem,Problema de preço ou custo,40.0,Necessita Pivotagem,Produto ruim,20.0,Rejeitada,Problema de preço ou custo,20.0,Rejeitada,Problema regulatório ou legal
S02,Uber,Ativa,,Problema regulatório ou legal,30.0,Necessita Pivotagem,Problema regulatório ou legal,40.0,Necessita Pivotagem,Problema regulatório ou legal,20.0,Rejeitada,Problema regulatório ou legal,30.0,Rejeitada,Problema regulatório ou legal,30.0,Rejeitada,Problema regulatório ou legal,30.0,Necessita Pivotagem,Problema regulatório ou legal,20.0,Rejeitada,Problema regulatório ou legal
S03,Nubank,Ativa,,Problema de preço ou custo,75.0,Necessita Pivotagem,Concorrência predatória,75.0,Necessita Pivotagem,Concorrência predatória,30.0,Necessita Pivotagem,Sem necessidade de mercado,70.0,Necessita Pivotagem,Concorrência predatória,75.0,Necessita Pivotagem,Concorrência predatória,75.0,Necessita Pivotagem,Problema de preço ou custo,30.0,Necessita Pivotagem,Problema regulatório ou legal
S04,Stripe,Ativa,,Fim do caixa,75.0,Necessita Pivotagem,Concorrência predatória,70.0,Necessita Pivotagem,Concorrência predatória,30.0,Necessita Pivotagem,Concorrência predatória,65.0,Necessita Pivotagem,Concorrência predatória,40.0,Necessita Pivotagem,Problema de preço ou custo,55.0,Necessita Pivotagem,Concorrência predatória,40.0,Necessita Pivotagem,Problema regulatório ou legal
S05,Slack,Ativa,,Concorrência predatória,65.0,Necessita Pivotagem,Concorrência predatória,65.0,Necessita Pivotagem,Concorrência predatória,20.0,Rejeitada,Concorrência predatória,30.0,Necessita Pivotagem,Concorrência predatória,40.0,Necessita Pivotagem,Concorrência predatória,30.0,Necessita Pivotagem,Modelo de negócios falho,30.0,Necessita Pivotagem,Problema regulatório ou legal
S06,Mercado Livre,Ativa,N/A - Empresa Sobrevivente,Crise de mercado / Sobrevivência financeira,30.0,Necessita Pivotagem,Concorrência predatória,45.0,Necessita Pivotagem,Concorrência predatória,20.0,Rejeitada,Problema de preço ou custo,20.0,Rejeitada,Problema de preço ou custo,30.0,Necessita Pivotagem,Concorrência predatória,20.0,Rejeitada,Concorrência predatória,20.0,Rejeitada,Concorrência predatória
S07,Canva,Ativa,,Concorrência predatória,65.0,Necessita Pivotagem,Concorrência predatória,65.0,Necessita Pivotagem,Concorrência predatória,30.0,Necessita Pivotagem,Concorrência predatória,55.0,Necessita Pivotagem,Concorrência predatória,45.0,Necessita Pivotagem,Concorrência predatória,70.0,Necessita Pivotagem,Problema de preço ou custo,30.0,Necessita Pivotagem,Problema regulatório ou legal
S08,Spotify,Ativa,,Problema de preço ou custo,30.0,Necessita Pivotagem,Problema de preço ou custo,40.0,Necessita Pivotagem,Concorrência predatória,20.0,Rejeitada,Concorrência predatória,30.0,Necessita Pivotagem,Produto ruim,30.0,Rejeitada,Concorrência predatória,30.0,Necessita Pivotagem,Modelo de negócios falho,20.0,Rejeitada,Concorrência predatória
S09,Shopify,Ativa,,Sem necessidade de mercado,65.0,Necessita Pivotagem,Concorrência predatória,70.0,Necessita Pivotagem,Concorrência predatória,30.0,Necessita Pivotagem,Concorrência predatória,65.0,Necessita Pivotagem,Problema de preço ou custo,75.0,Necessita Pivotagem,Concorrência predatória,70.0,Necessita Pivotagem,Concorrência predatória,40.0,Necessita Pivotagem,Problema regulatório ou legal
S10,WhatsApp,Ativa,,Concorrência predatória,60.0,Necessita Pivotagem,Modelo de negócios falho,55.0,Necessita Pivotagem,Modelo de negócios falho,30.0,Necessita Pivotagem,Modelo de negócios falho,30.0,Necessita Pivotagem,Modelo de negócios falho,55.0,Necessita Pivotagem,Modelo de negócios falho,60.0,Necessita Pivotagem,Problema de preço ou custo,30.0,Necessita Pivotagem,Problema regulatório ou legal
