Nome_Real,Status_Real,Ano_Fundacao,Setor_Industria,Base_Decisao_Lean,Epist_Decisao_Lean,Diabo_Decisao_Lean,Anali_Decisao_Lean,Reg_Decisao_Lean,Anjo_Decisao_Lean,Prod_Decisao_Lean,Inov_Decisao_Lean
Quibi,Falha,2018,MediaTech B2C,Necessita Pivotagem,Necessita Pivotagem,Reprovação por Showstopper (Descarte),Avançar para MVP,Reprovação por Showstopper (Descarte),Necessita Pivotagem,Reprovação por Showstopper (Descarte),Necessita Pivotagem
Theranos,Falha,2003,HealthTech Diagnostics,Reprovação por Showstopper (Descarte),Reprovação por Showstopper (Descarte),Necessita Pivotagem,Reprovação por Showstopper (Descarte),Reprovação por Showstopper (Descarte),Necessita Pivotagem,Necessita Pivotagem,Avançar para MVP
Juicero,Falha,2013,Consumer Hardware,Necessita Pivotagem,Necessita Pivotagem,Necessita Pivotagem,Necessita Pivotagem,Reprovação por Showstopper (Descarte),Necessita Pivotagem,Necessita Pivotagem,Necessita Pivotagem
23andMe,Falha,2006,Biotech / Consumer Health,Necessita Pivotagem,Necessita Pivotagem,Necessita Pivotagem,Necessita Pivotagem,Reprovação por Showstopper (Descarte),Necessita Pivotagem,Necessita Pivotagem,Necessita Pivotagem
Jawbone,Falha,1999,Wearable Tech,Necessita Pivotagem,Avançar para MVP,Necessita Pivotagem,Necessita Pivotagem,Avançar para MVP,Avançar para MVP,Necessita Pivotagem,Avançar para MVP
Anki,Falha,2010,Robotics / Consumer AI,Avançar para MVP,Avançar para MVP,Avançar para MVP,Avançar para MVP,Avançar para MVP,Avançar para MVP,Necessita Pivotagem,Avançar para MVP
Sidecar,Falha,2012,Mobility / Marketplace P2P,Necessita Pivotagem,Avançar para MVP,Necessita Pivotagem,Necessita Pivotagem,Reprovação por Showstopper (Descarte),Necessita Pivotagem,Necessita Pivotagem,Necessita Pivotagem
Color,Falha,2011,Social App,Avançar para MVP,Necessita Pivotagem,Necessita Pivotagem,Avançar para MVP,Avançar para MVP,Avançar para MVP,Reprovação por Showstopper (Descarte),Avançar para MVP
Clinkle,Falha,2011,FinTech Consumer,Avançar para MVP,Necessita Pivotagem,Avançar para MVP,Avançar para MVP,Avançar para MVP,Avançar para MVP,Avançar para MVP,Avançar para MVP
Beepi,Falha,2013,Marketplace C2C,Avançar para MVP,Avançar para MVP,Avançar para MVP,Necessita Pivotagem,Avançar para MVP,Avançar para MVP,Avançar para MVP,Avançar para MVP
Airbnb,Ativa,2008,TravelTech Marketplace,Avançar para MVP,Avançar para MVP,Avançar para MVP,Avançar para MVP,Avançar para MVP,Avançar para MVP,Avançar para MVP,Avançar para MVP
Uber,Ativa,2009,Mobility / Marketplace,Avançar para MVP,Avançar para MVP,Avançar para MVP,Avançar para MVP,Avançar para MVP,Avançar para MVP,Avançar para MVP,Avançar para MVP
Nubank,Ativa,2013,FinTech / Digital Banking,Avançar para MVP,Avançar para MVP,Avançar para MVP,Avançar para MVP,Avançar para MVP,Avançar para MVP,Avançar para MVP,Avançar para MVP
Stripe,Ativa,2010,FinTech B2B,Avançar para MVP,Avançar para MVP,Avançar para MVP,Avançar para MVP,Avançar para MVP,Avançar para MVP,Avançar para MVP,Avançar para MVP
Slack,Ativa,2009,SaaS B2B,Avançar para MVP,Avançar para MVP,Avançar para MVP,Avançar para MVP,Avançar para MVP,Avançar para MVP,Avançar para MVP,Avançar para MVP
Mercado Livre,Ativa,1999,E-commerce / Marketplace,Reprovação por Showstopper (Descarte),Necessita Pivotagem,Necessita Pivotagem,Necessita Pivotagem,Necessita Pivotagem,Necessita Pivotagem,Necessita Pivotagem,Avançar para MVP
Canva,Ativa,2013,Creative SaaS,Avançar para MVP,Avançar para MVP,Avançar para MVP,Avançar para MVP,Avançar para MVP,Avançar para MVP,Avançar para MVP,Avançar para MVP
Spotify,Ativa,2006,MediaTech SaaS,Avançar para MVP,Avançar para MVP,Avançar para MVP,Avançar para MVP,Avançar para MVP,Necessita Pivotagem,Avançar para MVP,Avançar para MVP
Shopify,Ativa,2006,SaaS / Commerce Infrastructure,Avançar para MVP,Avançar para MVP,Avançar para MVP,Avançar para MVP,Avançar para MVP,Avançar para MVP,Avançar para MVP,Avançar para MVP
WhatsApp,Ativa,2009,Consumer Internet,Necessita Pivotagem,Necessita Pivotagem,Avançar para MVP,Avançar para MVP,Avançar para MVP,Necessita Pivotagem,Avançar para MVP,Necessita Pivotagem
