ID_Startup,Nome_Real,Nome_Anonimizado,Ano_Fundacao,Ano_Encerramento,Setor_Industria,Modelo_Negocios,Status_Real,Motivo_Real_Gabarito,Rotulo_Categorico,Rotulos_Secundarios,Evento_Critico,Categoria_Evento_Critico,Ano_Evento_Critico,Contexto_Mercado_Equipe,URL_Fonte
F01,Quibi,Plataforma móvel de micro-entretenimento premium,2018,2020,MediaTech B2C,"Plataforma de streaming focada exclusivamente em dispositivos móveis, oferecendo episódios curtos com alta qualidade de produção. Modelo de receita baseado em assinatura mensal (com ou sem anúncios). A operação exige fortíssimo investimento inicial em produção original exclusiva, curadoria de grandes talentos e distribuição restrita ao aplicativo móvel.",Falha,"A empresa encerrou as operações poucos meses após o lançamento após levantar cerca de US$ 1,75 bilhão, sem conseguir atingir adoção relevante. O contexto da pandemia reduziu o uso em mobilidade e expôs limitações do produto frente a alternativas gratuitas.",Sem necessidade de mercado,"Problema de produto;Concorrência predatória","Anúncio oficial de encerramento das operações após baixa tração e revisão estratégica",Sem necessidade de mercado,2020,"A startup possui capitalização massiva, tendo levantado mais de um bilhão de dólares em financiamento inicial. O mercado atual é dominado por plataformas de vídeo curto gratuitas e serviços sociais de entretenimento já altamente consolidados. A equipe fundadora e a liderança são compostas por veteranos C-level oriundos de estúdios de mídia tradicional, produção de cinema e grandes corporações de tecnologia de consumo.","https://news.crunchbase.com/startups/quibi-shutting-down/;https://www.npr.org/2020/10/21/926396526/quibi-short-form-streaming-service-shutting-down;https://craft.co/quibi/competitors;https://www.businessinsider.es/tecnologia/quibi-explica-ha-fallado-tengan-cerrar-6-meses-741261;https://www.youtube.com/watch?v=xQQaztSG39Y"
F02,Theranos,Plataforma inovadora de análises clínicas descentralizadas,2003,2018,HealthTech Diagnostics,"Plataforma de diagnósticos que promete realizar múltiplos exames rápidos e de baixo custo a partir de coletas biológicas de volume mínimo. O modelo de negócios é baseado em testes pagos (out-of-pocket e convênios) e parcerias de distribuição direta ao consumidor (D2C) em redes de farmácias, sustentado pelo licenciamento e uso de hardware proprietário em miniatura.",Falha,"A empresa foi exposta por não possuir a tecnologia que alegava ter, fraudando resultados e enganando investidores e pacientes, o que levou a investigações federais e ao colapso total do negócio.",Problema regulatório ou legal,"Produto ruim;Modelo de negócios falho","Abertura de processo e acusação formal de fraude pela SEC contra a empresa e sua liderança",Problema regulatório ou legal,2018,"A startup levantou centenas de milhões de dólares em fundos privados, atingindo um valuation multibilionário. A equipe fundadora é liderada por uma jovem empreendedora que abandonou a graduação em exatas precocemente, tendo apenas uma breve experiência como assistente de laboratório. As operações são chefiadas por um executivo cujo histórico é em vendas de software B2B e na bolha da internet, sem qualquer experiência no setor de saúde ou assuntos regulatórios. O mercado alvo é um oligopólio dominado por dois gigantes nacionais de infraestrutura laboratorial e patologia clínica.","https://www.sec.gov/newsroom/press-releases/2018-41;https://www.wsj.com/articles/theranos-holmes-trial-blood-testing-11641597600;https://www.nytimes.com/topic/company/theranos-inc;https://hbr.org/2016/12/theranos-and-the-role-of-board-of-directors-in-preventing-fraud;https://en.wikipedia.org/wiki/Theranos;https://en.wikipedia.org/wiki/Elizabeth_Holmes"
F03,Juicero,Sistema de hardware conectado para preparo de bebidas premium,2013,2017,Consumer Hardware,"Dispositivo de hardware IoT (Internet das Coisas) voltado ao consumidor final. O modelo financeiro exige a compra de um equipamento de altíssimo custo inicial (ticket premium) atrelada à assinatura recorrente de refis orgânicos proprietários fechados a vácuo. O aparelho possui integração digital que lê cada pacote para autorizar o funcionamento mecânico, criando um ecossistema fechado.",Falha,"A empresa perdeu credibilidade após ser demonstrado que o produto era desnecessário, já que os pacotes podiam ser utilizados manualmente. O alto custo e baixa utilidade inviabilizaram a adoção.",Sem necessidade de mercado,"Problema de preço ou custo;Produto ruim","Publicação da Bloomberg demonstrando que o produto podia ser substituído manualmente sem perda de funcionalidade",Sem necessidade de mercado,2017,"A startup captou mais de cem milhões de dólares junto a grandes fundos de Venture Capital. O mercado alvo compete com eletrodomésticos mecânicos tradicionais já estabelecidos e com métodos manuais de custo zero. Os fundadores possuem forte histórico em marketing de consumo, branding e mídia digital, mas carecem de especialização prévia profunda em engenharia de hardware complexo e logística de suprimentos perecíveis.","https://en.wikipedia.org/wiki/Juicero;https://www.bbc.com/news/technology-41148663;https://www.bloomberg.com/news/articles/2017-04-19/silicon-valley-s-juicero-machine-can-be-replaced-by-hand;https://www.theverge.com/2017/4/21/15379522/juicero-shutdown"
F04,23andMe,Plataforma D2C de análise de biomarcadores e histórico de saúde,2006,2024,Biotech / Consumer Health,"Serviço de biotecnologia direto ao consumidor (D2C) baseado no envio de kits de autocoleta biológica via correio. O usuário recebe relatórios detalhados sobre suas predisposições de saúde e sua linhagem/origens. O modelo financeiro inicia-se em uma venda transacional do produto físico (o kit), com uma premissa de receita futura baseada em serviços digitais de assinatura de saúde e na monetização do banco de dados populacional em parcerias B2B de pesquisa farmacêutica.",Falha,"A empresa perdeu tração após anos de dificuldades para transformar a base de usuários em um modelo financeiro sustentável. A monetização via serviços de saúde e dados genéticos não compensou os altos custos operacionais e a pressão regulatória crescente. A deterioração da confiança e a fragilidade do negócio culminaram em colapso operacional e pedidos de proteção contra credores.",Problema regulatório ou legal,"Modelo de negócios falho;Problema de preço ou custo","Crise operacional e financeira culminando em colapso e necessidade de reestruturação",Problema regulatório ou legal,2024,"A empresa levantou quase meio bilhão de dólares em sucessivas rodadas de capital. O mercado atua em uma área fronteiriça da ciência, lidando com dados extremamente sensíveis e competindo com poucos, mas fortes, serviços semelhantes. A liderança é composta por uma executiva fundadora com formação em ciências da vida e sólida vivência como analista financeira no setor de saúde, apoiada por um cofundador com forte histórico na construção de produtos de tecnologia digital em escala.","https://www.reuters.com/world/us/23andme-files-bankruptcy-2024-03-24/;https://mediacenter.23andme.com/press-releases/23andme-raises-250-million-growth-financing-led-sequoia-capital/;https://med.stanford.edu/biodesign/our-impact/stories/From-the-Innovators-Workbench-Anne-Wojcicki-CEO-23andme.html"
F05,Jawbone,Fabricante premium de acessórios inteligentes e áudio sem fio,1999,2017,Wearable Tech,"Empresa de desenvolvimento de hardware focada em dispositivos vestíveis (wearables) e produtos de áudio portáteis com forte apelo em design. A monetização ocorre quase que exclusivamente via venda transacional direta (one-off) do hardware no varejo físico e online. A premissa de retenção e diferencial competitivo baseia-se na integração desses aparelhos a um aplicativo móvel proprietário de monitoramento de saúde e estilo de vida, visando forjar um ecossistema digital de engajamento contínuo do usuário.",Falha,"A empresa não conseguiu competir com rivais mais eficientes como Apple e Fitbit, enfrentando problemas de qualidade, margens pressionadas e custos elevados. A perda de competitividade e a incapacidade de sustentar escala levaram à liquidação dos ativos.",Problema de preço ou custo,"Produto ruim;Concorrência predatória","Processo de liquidação dos ativos e encerramento formal das operações após incapacidade de sustentar o negócio",Problema de preço ou custo,2017,"A companhia acumulou quase um bilhão de dólares em capital de risco ao longo de seu ciclo de vida. O setor de hardware no qual atua apresenta altíssima complexidade logística e margens de lucro espremidas (commodity). O mercado é atacado por dois flancos: o ecossistema fechado de uma gigante corporativa global de smartphones e a proliferação de pulseiras rastreadoras básicas de baixo custo. Os fundadores possuem forte histórico em engenharia de comunicação sem fio e design de eletrônicos de consumo, mas enfrentam o desafio de manter a qualidade em produção de altíssima escala.","https://en.wikipedia.org/wiki/Jawbone_(company);https://www.reuters.com/article/business/jawbone-raises-250-million-valuing-company-at-33-billion-idUSBREA1C1L6/;https://www.theverge.com/2017/6/21/15849756/jawbone-liquidation-shut-down-report;https://www.wsj.com/articles/jawbone-to-liquidate-as-upstart-jawbone-health-hub-launches-1498036801;https://www.bloomberg.com/news/articles/2017-06-21/jawbone-said-to-liquidate-as-hub-startup-is-created"
F06,Anki,Fabricante de dispositivos robóticos interativos de consumo,2010,2019,Robotics / Consumer AI,"Desenvolvimento de dispositivos físicos interativos movidos a IA para o mercado de entretenimento doméstico. O modelo financeiro foca estritamente na venda transacional de hardware premium, prometendo um engajamento prolongado do usuário através de personalidades virtuais adaptativas. O objetivo a longo prazo era criar uma base instalada grande o suficiente para justificar a futura monetização de um ecossistema de software de terceiros, subsidiando a complexa operação física.",Falha,"A empresa não conseguiu transformar inovação tecnológica em um modelo financeiro sustentável, enfrentando altos custos de desenvolvimento e produção de hardware. Apesar de produtos bem avaliados, a escala não foi suficiente para sustentar a operação sem capital contínuo. A dependência de funding e a dificuldade de atingir rentabilidade levaram ao encerramento das operações.",Fim do caixa,"Problema de preço ou custo;Modelo de negócios falho","Encerramento abrupto das operações após falha em levantar nova rodada de investimento",Fim do caixa,2019,"A startup levantou mais de duzentos milhões de dólares em capital de risco para financiar intenso P&D. O mercado alvo compete por atenção e orçamento (share of wallet) com consoles de videogame, tablets e brinquedos eletrônicos tradicionais de baixo custo. A equipe fundadora é composta por acadêmicos e pesquisadores de alto nível em robótica e inteligência artificial oriundos de universidades de ponta, possuindo profundo conhecimento técnico, mas sem histórico corporativo prévio em manufatura de eletrônicos em larga escala ou gestão de cadeias de suprimentos globais de baixo custo.","https://techcrunch.com/2019/04/19/anki-is-shutting-down/;https://www.theverge.com/2019/4/20/18508178/anki-shutting-down-cozmo-vector-robots;https://www.wsj.com/articles/robot-maker-anki-shuts-down-after-funding-falls-through-11555743601;https://vcnewsdaily.com/anki/venture-capital-funding/sqthldnhcz;https://www.cbinsights.com/company/anki/financials;https://en.wikipedia.org/wiki/Anki"
F07,Sidecar,Plataforma P2P de mobilidade e roteamento urbano,2012,2015,Mobility / Marketplace P2P,"Marketplace de dupla face (two-sided market) conectando provedores independentes de transporte a usuários por meio de matching geoespacial e precificação dinâmica. A monetização ocorre via take-rate (comissão) sobre o valor transacionado. O modelo é puramente dependente de efeitos de rede locais: exige liquidez simultânea de oferta e demanda para garantir tempos mínimos de espera e manter a eficiência operacional da malha.",Falha,"A empresa não conseguiu atingir massa crítica suficiente em um mercado dominado por concorrentes altamente capitalizados como Uber e Lyft. A dinâmica de efeitos de rede favoreceu os líderes, tornando difícil competir em preço, tempo de espera e disponibilidade. A falta de escala e diferenciação sustentável levou ao encerramento das operações.",Concorrência predatória,"Modelo de negócios falho;Sem necessidade de mercado","Encerramento das operações após perda de participação e incapacidade de competir com plataformas dominantes",Concorrência predatória,2015,"A startup captou algumas dezenas de milhões de dólares em financiamento. A equipe é experiente: liderada por um empreendedor em série (com exit milionário prévio no setor de software B2B corporativo) e um engenheiro especializado em sistemas móveis de trânsito. O ambiente competitivo, no entanto, é extremo: o mercado possui dinâmica 'winner-takes-all' (o vencedor leva a maior parte) e a startup compete diretamente pelo mesmo fornecedor e cliente contra decacórnios (concorrentes avaliados em dezenas de bilhões de dólares) dispostos a queimar caixa agressivamente para subsidiar transações e monopolizar a liquidez da rede.","https://www.nytimes.com/2015/12/20/technology/sidecar-shuts-down.html;https://www.wsj.com/articles/sidecar-to-shut-down-1450571402;https://techcrunch.com/2015/12/19/sidecar-shuts-down/;https://www.failory.com/cemetery/sidecar;https://en.wikipedia.org/wiki/Sunil_Paul;https://www.theguardian.com/technology/2015/dec/30/uber-competitor-sidecar-shut-down"
F08,Color,Aplicativo de compartilhamento visual social por proximidade,2011,2012,Social App,"Rede social móvel focada na criação de álbuns visuais hiperlocais em tempo real. A mecânica permite que pessoas em um mesmo raio geográfico contribuam e visualizem um feed fotográfico coletivo sem a necessidade de 'seguir' ou ter qualquer conexão social prévia. O modelo foca inteiramente em aquisição de usuários (growth), sem estratégia de monetização definida no estágio atual. A utilidade do produto depende da existência de efeitos de rede hiperlocais, exigindo extrema densidade de usuários simultâneos no exato mesmo espaço físico para que o aplicativo não pareça vazio.",Falha,"A empresa enfrentou forte queda de retenção após o lançamento, com usuários não encontrando valor claro e recorrente na proposta. A dependência de densidade local simultânea criou uma barreira significativa para engajamento consistente. A combinação de proposta confusa e baixa retenção inviabilizou o crescimento sustentável.",Sem necessidade de mercado,"Produto ruim;Modelo de negócios falho","Queda acentuada de uso e engajamento após o lançamento, levando à descontinuação do produto",Sem necessidade de mercado,2012,"A startup levantou dezenas de milhões de dólares de fundos de primeira linha antes mesmo de lançar o produto no mercado (pre-launch). O aplicativo concorre por atenção em um mercado já saturado por mega-redes sociais globais e plataformas de fotografia focadas em filtros estéticos com seguidores globais. A equipe possui um currículo estelar: liderada por um empreendedor em série (que vendeu sua última startup de streaming de áudio por dezenas de milhões para uma Big Tech) e um executivo de operações com vasta experiência em antigas plataformas web de hospedagem de imagens.","https://techcrunch.com/2011/04/13/color-shutdown/;https://www.wsj.com/articles/SB10001424052748704671904576230963355605150;https://www.theguardian.com/technology/2012/oct/22/color-labs-shuts-down;https://en.wikipedia.org/wiki/Color_Labs;https://www.cnet.com/culture/new-photo-app-color-hopes-to-see-the-future/;https://www.erichstauffer.com/management/what-happened-to-color"
F09,Clinkle,Aplicativo de pagamentos móveis gamificados,2011,2015,FinTech Consumer,"Carteira digital (digital wallet) voltada ao público jovem que tenta unir transações financeiras diárias a dinâmicas de gamificação e incentivos sociais. O modelo de negócios prevê a monetização através de taxas sobre transações e possíveis serviços financeiros adjacentes. O negócio enfrenta o clássico problema de mercado de duas pontas (two-sided market) no setor de pagamentos: precisa de adoção em massa de usuários para atrair lojistas, e de lojistas aceitando o método para reter os usuários.",Falha,"A empresa enfrentou atrasos significativos no desenvolvimento do produto e não conseguiu entregar uma solução funcional à altura das expectativas criadas. Problemas de gestão e execução comprometeram a credibilidade junto a usuários e investidores. A perda de confiança e a incapacidade de lançar um produto competitivo inviabilizaram o negócio.",Equipe inadequada,"Produto ruim;Modelo de negócios falho","Atrasos sucessivos no lançamento e críticas públicas à gestão e à falta de produto funcional",Equipe inadequada,2015,"A startup gerou extremo frenesi na mídia, captando dezenas de milhões de dólares logo em sua rodada inicial (Seed). O mercado de transferências financeiras e carteiras digitais já possui fortíssima concorrência, dominado por gigantes globais de tecnologia e aplicativos P2P massivamente consolidados. A equipe fundadora, incluindo o CEO, é composta inteiramente por estudantes de graduação em computação de uma universidade de elite, operando sem experiência corporativa prévia, histórico de gestão de pessoas ou qualquer vivência técnica no altamente regulado mercado financeiro e de segurança bancária.","https://www.wired.com/2015/12/clinkle-startup-fail/;https://techcrunch.com/2015/12/21/clinkle-shuts-down/;https://www.businessinsider.com/what-happened-to-clinkle-2015-12;https://techcrunch.com/2013/06/27/clinkle-raises-25m-seed-round/;https://www.forbes.com/sites/ryanmac/2013/06/27/21-year-old-stanford-student-raises-25-million-for-stealth-startup-clinkle/"
F10,Beepi,Marketplace C2C de veículos seminovos com logística integrada,2013,2017,Marketplace C2C,"Marketplace digital para compra e venda de veículos de alto valor. A proposta de valor é eliminar o intermediário físico (concessionária tradicional) ao centralizar digitalmente a vistoria presencial, precificação, garantia e entrega door-to-door (porta a porta). A monetização ocorre via spread e taxas sobre as transações. Apesar da interface digital, é um modelo altamente dependente de operações no mundo físico, exigindo exércitos de inspetores qualificados e transporte pesado constante para que a promessa de conveniência se sustente.",Falha,"A empresa enfrentou dificuldades para equilibrar crescimento com custos operacionais elevados em um modelo altamente intensivo em logística. A necessidade de controlar qualidade e experiência ponta a ponta pressionou margens e aumentou a queima de caixa. A incapacidade de ajustar unit economics e captar novos recursos levou ao encerramento.",Fim do caixa,"Problema de preço ou custo;Modelo de negócios falho","Fracasso em levantar nova rodada de investimento após sucessivas tentativas de venda ou fusão",Fim do caixa,2017,"A companhia captou mais de uma centena de milhões de dólares em financiamento de risco. A liderança é formada por empreendedores com MBAs em universidades americanas de elite, com backgrounds em ciência da computação e fundação prévia de e-commerces genéricos e startups de educação. O ambiente competitivo é brutal: a plataforma tenta disruptar redes tradicionais de concessionárias físicas gigantescas e, simultaneamente, enfrenta uma guerra de queima de caixa contra outros novos unicórnios do comércio eletrônico automotivo que lutam por domínio regional.","https://techcrunch.com/2017/02/15/beepi-shuts-down/;https://www.wsj.com/articles/used-car-startup-beepi-closes-1487185203;https://www.businessinsider.com/beepi-shutting-down-2017-2;https://www.failory.com/startups/web-app-failures;https://www.cio.com/article/236945/cio-cmo-partner-to-drive-used-car-sales.html;https://static1.squarespace.com/static/55c4e9aae4b05eaf17ef79ff/t/5dda940ca46d122f382872d1/1574605837793/Beepi_EStrategyCase.pdf;https://www.innovatorsunder35.com/the-list/alejandro-resnik/"
S01,Airbnb,Plataforma P2P de acomodações e hospitalidade alternativa,2008,,TravelTech Marketplace,"Marketplace peer-to-peer (P2P) de dupla face conectando proprietários com capacidade ociosa em suas residências a viajantes em busca de estadias não convencionais. O modelo monetiza através de um take-rate (comissão) cobrado de ambas as pontas na transação. Operando de forma estritamente 'asset-light' (sem possuir os imóveis), a escalabilidade depende criticamente de efeitos de rede globais cruzados e de um sistema de avaliação rigoroso para transpor a barreira de confiança (convencer as pessoas a dormirem na casa de estranhos).",Ativa,,,"","Colapso global do turismo e restrições drásticas de mobilidade devido a uma crise sanitária (pandemia), exigindo reestruturação de custos e teste de resiliência de receita",Sem necessidade de mercado,2020,"A empresa atingiu escala global, levantando bilhões de dólares em capital de risco e linhas de dívida corporativa. A equipe fundadora possui um perfil extremamente atípico para o Vale do Silício: é liderada por dois formados em artes visuais e design industrial (sem histórico executivo ou experiência técnica em turismo), apoiados por um único engenheiro de sistemas. O ambiente competitivo é severo: a plataforma ataca frontalmente as maiores agências de viagens online (OTAs) do mundo, redes hoteleiras centenárias e enfrenta constante oposição regulatória e legislativa (leis de zoneamento) nas maiores metrópoles do planeta.","https://www.slideshare.net/slideshow/airbnb-first-pitch-deck-editable/45768374;https://www.nytimes.com/2020/05/05/business/airbnb-coronavirus-layoffs.html;https://hbr.org/2021/05/how-airbnb-survived-the-pandemic;https://www.cnbc.com/2020/04/06/airbnb-raises-1-billion-from-silver-lake-sixth-street-partners.html;https://www.reuters.com/article/us-airbnb-debt-idUSKCN21W2G6;https://www.crunchbase.com/organization/airbnb;https://en.wikipedia.org/wiki/Airbnb"
S02,Uber,Plataforma global de despacho algorítmico e transporte on-demand,2009,,Mobility / Marketplace,"Marketplace de dupla face focado em mobilidade urbana. Utiliza despacho algorítmico, precificação dinâmica e geolocalização para conectar usuários a uma rede descentralizada de prestadores de serviço independentes. A monetização ocorre via comissão (take-rate) por transação. O modelo exige capital inicial maciço para subsidiar ambas as pontas da rede até atingir liquidez hiperlocal, visando dominar a conveniência e minimizar o tempo de espera.",Ativa,,,"","Graves crises de compliance, cultura corporativa controversa e embates regulatórios culminando em forte pressão do conselho para a renúncia do CEO e reestruturação da governança",Problema regulatório ou legal,2017,"A startup atingiu uma capitalização recorde no setor privado, levantando mais de uma dezena de bilhões de dólares em equity e dívida. A equipe fundadora é composta por empreendedores seriais com perfil de execução agressivo, possuindo vendas de startups (exits) milionárias prévias no setor de infraestrutura web e tecnologia P2P (peer-to-peer). O cenário competitivo é uma guerra de atrito: a plataforma enfrenta cartéis tradicionais de transporte fortemente regulamentados (protegidos por legislações locais) e compete globalmente contra clones regionais massivamente capitalizados, cujo objetivo é roubar market share através da queima de caixa e subsídios.","https://www.uber.com/newsroom/our-story/;https://www.nytimes.com/2017/06/21/technology/uber-ceo-travis-kalanick-resigns.html;https://hbr.org/2017/07/ubers-leadership-crisis-what-comes-next;https://www.crunchbase.com/organization/uber;https://techcrunch.com/2016/06/01/uber-raises-3-5-billion-from-saudi-arabias-sovereign-wealth-fund/;https://en.wikipedia.org/wiki/Uber"
S03,Nubank,Neobanco mobile-first focado em desburocratização,2013,,FinTech / Digital Banking,"Instituição financeira 100% digital (branchless), operando exclusivamente via aplicativo móvel. A estratégia de go-to-market foca em um produto isento de anuidades (cartão de crédito com aprovação algorítmica e UX premium) para reduzir radicalmente o CAC (Custo de Aquisição de Clientes) via crescimento orgânico (boca a boca). A receita é gerada através de taxas de intercâmbio (interchange) pagas por lojistas, spread de juros em linhas de crédito de varejo (rotativo e empréstimos pessoais) e expansão do Life Time Value (LTV) via cross-sell de investimentos e seguros no próprio app.",Ativa,,,"","Aumento da inadimplência e deterioração macroeconômica do portfólio de crédito durante um severo ciclo de alta de juros e inflação no mercado emergente de atuação",Problema de preço ou custo,2022,"A fintech captou alguns bilhões de dólares em equity ao longo de sua trajetória. O mercado atacado é um oligopólio financeiro em uma economia emergente, historicamente dominado por meia dúzia de conglomerados intocáveis que cobram alguns dos maiores spreads bancários do mundo e oferecem péssima experiência ao consumidor. A equipe fundadora é altamente tática e complementar: o CEO é ex-sócio de um grande fundo global de Venture Capital (conhece o jogo de captação); a líder de negócios é uma ex-executiva da divisão de cartões de crédito justamente de um dos bancos incumbentes que estão atacando (conhece as ineficiências do sistema por dentro); e o CTO é um cientista da computação de uma universidade americana de elite capaz de construir o banco do zero nativo em nuvem.","https://www.reuters.com/article/us-brazil-nubank-idUSKBN1WQ26C;https://www.ft.com/content/0c9f0d5a-1cbb-4f2c-9c5a-9c9c9b6c6e5f;https://www.bloomberg.com/news/articles/2022-08-15/nubank-profitability-challenges-credit-cycle-brazil;https://www.crunchbase.com/organization/nubank;https://en.wikipedia.org/wiki/Nubank"
S04,Stripe,Plataforma developer-first de infraestrutura de pagamentos via API,2010,,FinTech B2B,"Fornecedora de infraestrutura financeira B2B. A inovação central é uma arquitetura 'developer-first' (poucas linhas de código para integrar de forma limpa), eliminando a fricção burocrática histórica de conectar um negócio à rede bancária. A receita primária provém de um 'take-rate' (comissão percentual + taxa fixa) sobre o Volume Total de Pagamentos (TPV) transacionado pelos clientes. O modelo foca em adoção bottom-up (conquistar o desenvolvedor primeiro) e escala conforme os clientes crescem, abrindo caminho para up-sell de serviços como billing, prevenção de fraude e emissão de cartões.",Ativa,,,"","Redução severa de valuation privado e rodadas de demissões (layoffs) preventivas para ajustar a queima de caixa diante do colapso no volume transacional de empresas de tecnologia (seus principais clientes) num ciclo de alta de juros",Fim do caixa,2022,"A empresa alcançou status de decacórnio privado, captando alguns bilhões de dólares de grandes fundos de tecnologia. A equipe fundadora é composta por jovens prodígios que abandonaram universidades americanas de elite, mas que trazem um histórico de execução raro: ainda na adolescência, construíram e venderam uma ferramenta de software B2B para plataformas de e-commerce por milhões. O setor atacado é um negócio altamente comoditizado (margens finas de processamento) dominado por bancos adquirentes arcaicos e gateways globais pioneiros da internet inicial que possuem volumes transacionais esmagadores.","https://stripe.com/customers/figma;https://www.wsj.com/articles/stripe-cuts-internal-valuation-11667431838;https://techcrunch.com/2022/11/03/stripe-layoffs/;https://www.crunchbase.com/organization/stripe;https://en.wikipedia.org/wiki/Stripe_(company)"
S05,Slack,Hub de comunicação corporativa e integração de fluxos B2B,2009,,SaaS B2B,"Plataforma SaaS de colaboração baseada em tópicos (canais), que centraliza mensagens, arquivos e conecta APIs de ferramentas de trabalho de terceiros em um único ambiente. A estratégia comercial é um 'Product-Led Growth' (PLG) puramente bottom-up: as equipes começam a usar a ferramenta gratuitamente por conta própria e, ao atingirem os limites de busca ou necessitarem de segurança corporativa e integrações, forçam a diretoria a pagar a assinatura recorrente por usuário.",Ativa,,,"","Aquisição multibilionária por uma gigante de software em nuvem (focada em vendas/CRM) como estratégia de sobrevivência e distribuição em resposta à pressão asfixiante de uma suíte de produtividade concorrente",Concorrência predatória,2020,"A startup captou mais de um bilhão de dólares em venture capital. A origem da tecnologia é um clássico pivot: o produto nasceu como uma ferramenta interna de chat construída pelos engenheiros para coordenar o desenvolvimento de um estúdio de videogames que acabou falindo. A equipe é liderada por um empreendedor atípico (com graduação em filosofia), mas que possui no currículo a fundação e venda de uma das primeiras e maiores plataformas de fotos da era Web 2.0. O desafio de mercado é letal: eles vendem um software avulso premium ('best-of-breed') concorrendo diretamente contra uma ferramenta semelhante empurrada de graça (bundled) pela maior Big Tech de infraestrutura corporativa e sistemas operacionais do mundo.","https://techcrunch.com/2014/02/12/slack-exits-beta/;https://www.nytimes.com/2020/12/01/technology/salesforce-slack-deal.html;https://hbr.org/2021/07/what-salesforces-acquisition-of-slack-means-for-the-future-of-work;https://tracxn.com/d/companies/slack/__1smzz0sCOc6tXojwiPrIG-8Pwh9_z7QN7cXxNCyA5VE;https://en.wikipedia.org/wiki/Slack_Technologies;https://en.wikipedia.org/wiki/Stewart_Butterfield"
S06,WeWork,Plataforma de "Space-as-a-Service" e arbitragem imobiliária corporativa,2010,,PropTech / Real Estate SaaS,"Modelo financeiro baseado estritamente em arbitragem de prazos e alavancagem: a startup assume passivos bilionários ao assinar contratos de locação comercial de longuíssimo prazo (10 a 15 anos) e subloca esses mesmos espaços de forma fracionada em contratos de curtíssimo prazo (mensais) para autônomos e empresas. Embora se posicione no mercado como uma plataforma de tecnologia de comunidade (SaaS), a operação possui margens de mundo físico, exigindo queima de capital massiva e constante para mobiliar e reformar grandes edifícios ao redor do globo.",Ativa,,,"","Tentativa frustrada de abertura de capital (IPO) onde a divulgação do prospecto financeiro revelou governança caótica e margens insustentáveis, culminando no colapso do valuation e saída do CEO",Fim do caixa,2019,"A empresa levantou mais de uma dezena de bilhões de dólares impulsionada por um único mega-fundo de risco corporativo, focando em hiper-expansão global a qualquer custo (blitzscaling). O perfil da equipe expõe contrastes: o CEO é um vendedor carismático que anteriormente faliu um pequeno e-commerce de vestuário de nicho (sem formação em software ou finanças institucionais); já o cofundador traz o lado técnico com forte formação acadêmica em arquitetura de interiores comerciais. O mercado atacado é o setor de Real Estate tradicional, onde concorrem contra locadores de escritórios executivos que operam de forma idêntica há décadas, mas sem se autodenominarem empresas de tecnologia.", "https://www.reuters.com/article/us-wework-funding-idUSKBN1W92V6;https://www.wsj.com/articles/weworks-neumann-to-step-down-as-ceo-11569234098;https://www.nytimes.com/2019/09/18/business/wework-ipo.html;https://hbr.org/2020/02/weworks-fall-shows-how-not-to-lead-a-company;https://en.wikipedia.org/wiki/WeWork;https://www.crunchbase.com/organization/wework"
S07,Canva,Plataforma SaaS freemium de criação visual e editoração,2013,,Creative SaaS,"Plataforma em nuvem focada em democratizar a editoração visual. Substitui o uso de softwares complexos de instalação local por um sistema de templates pré-montados e interface drag-and-drop nativa diretamente no navegador. A estratégia de go-to-market é fortemente ancorada no modelo Freemium: atrai tráfego massivo com ferramentas gratuitas de alta qualidade e gera receita através de assinaturas recorrentes (SaaS) que desbloqueiam ativos visuais premium, ferramentas de marca e recursos de colaboração multijogador para equipes corporativas.",Ativa,,,"","Pressão competitiva extrema gerada pela entrada agressiva de grandes players e pela expansão de ferramentas de design embutidas em plataformas amplas de sistemas operacionais e pacotes de escritório",Concorrência predatória,2023,"A startup levantou mais de meio bilhão de dólares em venture capital. A equipe fundadora possui forte adequação ao problema: dois fundadores operaram com sucesso (bootstrap) uma plataforma rentável de nicho para publicações educacionais impressas enquanto ainda estavam na faculdade; o terceiro cofundador (CTO) traz o rigor técnico de engenharia e design de produto, tendo atuado previamente em uma das maiores Big Techs de busca e publicidade do mundo. O desafio competitivo é letal: a startup ataca frontalmente o modelo de negócios da corporação monopolista histórica de softwares criativos para profissionais, ao mesmo tempo em que precisa se defender de Big Techs de produtividade corporativa que passaram a embutir ferramentas clonadas de design dentro de seus pacotes tradicionais de escritório.","https://www.canva.com/newsroom/news/canva-story/;https://www.ft.com/content/ba2a4f3e-0c5a-4f6a-9b9d-6a3f5b7d9c2a;https://techcrunch.com/2023/03/23/canva-ai-features-visual-worksuite/"
S08,Spotify,Plataforma global de streaming de áudio on-demand,2006,,MediaTech SaaS,"Serviço de streaming de mídia operando sob modelo Freemium. A monetização ocorre por meio de publicidade (no tier gratuito para aquisição massiva de usuários no topo de funil) e assinaturas mensais recorrentes (tier premium). A estrutura econômica possui uma vulnerabilidade crítica: as margens brutas são estruturalmente limitadas pelo pagamento contínuo de royalties atrelados ao consumo (custo variável puro), devidos a um oligopólio de detentores de direitos autorais que controlam os catálogos indispensáveis para o serviço funcionar.",Ativa,,,"","Forte pressão estrutural sobre as margens de lucro devido aos altíssimos custos de licenciamento atrelados ao volume de uso, gerando dependência crônica de renegociações com detentores de direitos",Problema de preço ou custo,2022,"A companhia levantou alguns bilhões de dólares em capital de risco e dívida corporativa. A equipe fundadora é formada por dois experientes empreendedores europeus: um prodígio técnico que atuou como CEO de uma célebre e controversa rede global de compartilhamento descentralizado de arquivos P2P (trazendo profunda expertise em arquitetura de distribuição em rede) e fundou negócios de ad-tech; e um executivo que construiu e levou uma gigante do marketing de afiliados ao IPO. O cenário competitivo é predatório: a startup enfrenta megacorporações globais fabricantes de smartphones e gigantes do e-commerce que oferecem serviços de áudio concorrentes como 'loss leaders' (produtos subsidiados intencionalmente no prejuízo) apenas para reter consumidores em seus próprios ecossistemas trilionários.","https://newsroom.spotify.com/company-info/;https://www.wsj.com/articles/spotify-profit-margins-music-royalties-11670958002;https://www.ft.com/content/8b6d3f5e-5c1b-4f3e-9c2d-3c9b1f6a2b7e;https://www.crunchbase.com/organization/spotify;https://en.wikipedia.org/wiki/Spotify;https://en.wikipedia.org/wiki/Daniel_Ek"
S09,Shopify,Plataforma SaaS de infraestrutura (OS) para comércio eletrônico,2006,,SaaS / Commerce Infrastructure,"Plataforma em nuvem que fornece a infraestrutura completa para lojistas criarem e gerenciarem suas próprias lojas virtuais independentes. A monetização possui um mecanismo duplo altamente escalável: uma base previsível de assinaturas mensais recorrentes (SaaS) combinada a um 'take-rate' (comissão percentual) sobre o volume transacionado (GMV) através de serviços financeiros e logísticos embutidos nativamente. A proposta central é 'armar' pequenos e médios lojistas para operarem suas próprias marcas diretas ao consumidor (D2C) sem depender da infraestrutura de marketplaces centralizados.",Ativa,,,"","Queda abrupta de crescimento após o arrefecimento do boom do varejo digital gerado por uma crise global, levando a demissões estruturais e revisão estratégica devido a projeções de expansão superestimadas",Sem necessidade de mercado,2022,"A empresa levantou mais de uma centena de milhões de dólares em sua fase privada. A origem da tecnologia é um caso clássico de 'resolver a própria dor': o CEO, um programador técnico, codificou a base do sistema do zero unicamente para conseguir operar o seu próprio e-commerce de nicho esportivo, após constatar que as soluções da época eram lentas, caras ou inflexíveis, unindo-se depois a sócios complementares de design e operações. A concorrência abrange provedores de código aberto (que exigem manutenção técnica profunda), plataformas de sites institucionais genéricos e as megacorporações globais de marketplace (as 'lojas de tudo') que priorizam o cliente final e tendem a espremer as margens dos vendedores terceirizados.","https://www.shopify.com/about;https://www.wsj.com/articles/shopify-layoffs-ecommerce-slowdown-11658874012;https://www.ft.com/content/2f6b9c3a-3b2d-4d6f-9f1c-8c7a1b2e5d4f;https://www.crunchbase.com/organization/shopify;https://en.wikipedia.org/wiki/Shopify;https://en.wikipedia.org/wiki/Tobias_L%C3%BCtke"
S10,WhatsApp,Aplicativo utilitário P2P de comunicação móvel,2009,,Consumer Internet,"Utilitário de comunicação P2P multiplataforma com foco obsessivo em velocidade, roteamento assíncrono confiável em redes de baixa qualidade e ausência total de atritos de interface (zero anúncios, zero jogos, zero distrações). O modelo foca inteiramente no hiper-crescimento orgânico alavancado por efeitos de rede diretos (o valor do produto cresce exponencialmente a cada novo usuário). A estratégia atual prioriza a dominância absoluta da base global de usuários, postergando e diferindo qualquer estratégia clara de monetização (receita) para o longo prazo.",Ativa,,,"","Aquisição multibilionária por uma mega-plataforma global de redes sociais, com o intuito de consolidar o monopólio da atenção móvel, evento que levantou posteriores pressões regulatórias antitruste e de privacidade de dados",Concorrência predatória,2014,"O aplicativo consumiu apenas algumas dezenas de milhões de dólares em capital de risco, operando com uma proporção raríssima de engenheiros por milhão de usuários ativos. A equipe fundadora é enxuta, liderada por dois experientes engenheiros de software que trabalharam juntos por mais de uma década desenhando a infraestrutura de backend em uma gigantesca e pioneira corporação global de serviços web e e-mail. A dinâmica de mercado é um ataque frontal a um monopólio histórico: o aplicativo atua para disruptar os rentáveis protocolos legados de texto tarifado mantidos por cartéis globais de operadoras de telecomunicações, enquanto se defende de comunicadores proprietários embutidos de fábrica nos sistemas operacionais das fabricantes de smartphones.","https://blog.whatsapp.com/;https://www.nytimes.com/2014/02/20/technology/facebook-to-buy-whatsapp-for-19-billion.html;https://www.ft.com/content/6f9a5c1e-99d3-11e3-91ac-00144feab7de;https://www.crunchbase.com/organization/whatsapp;https://en.wikipedia.org/wiki/WhatsApp"