Modelo,ID_Startup,Nome_Real,Status_Real,Persona,Veredito,Probabilidade,Categoria_Risco,Rigor,Tempo_Segundos,Risco_Critico,Analise_Problema
qwen2.5:14b,F01,Quibi,Falha,Controle,Necessita Pivotagem,65,Concorrência predatória,8,58.83,"O maior risco é a concorrência predatória de gigantes já estabelecidos no mercado de entretenimento digital, que podem oferecer conteúdo gratuito ou de baixo custo para atrair usuários.","O problema do mercado é a saturação de plataformas de entretenimento digital, especialmente de vídeos curtos gratuitos. A demanda por conteúdo de alta qualidade e exclusivo é relevante, mas a concorrê"
qwen2.5:14b,F01,Quibi,Falha,Advogado do Diabo,Rejeitada,30,Problema de preço ou custo,10,65.04,"O risco crítico é a saturação do mercado e a concorrência gratuita. A existência de plataformas gratuitas como TikTok e YouTube pode tornar difícil para a startup atrair e reter assinantes, especialme","O problema identificado é a falta de conteúdo de entretenimento de alta qualidade e curto prazo para dispositivos móveis. No entanto, o mercado já oferece uma variedade de opções gratuitas e populares"
qwen2.5:14b,F01,Quibi,Falha,Investidor Anjo,Necessita Pivotagem,40,Concorrência predatória,8,59.4,O maior risco é a capacidade de estabelecer uma vantagem competitiva em um mercado saturado e dominado por plataformas gratuitas. A necessidade de investimento significativo em conteúdo original pode ,"O problema de entretenimento móvel é real e crescente, com usuários cada vez mais consumindo conteúdo em dispositivos móveis. No entanto, o mercado está saturado com opções gratuitas e bem estabelecid"
qwen2.5:14b,S01,Airbnb,Ativa,Controle,Necessita Pivotagem,50,Produto ruim,8,58.21,"O maior risco estrutural é a construção de confiança bilateral entre anfitriões e hóspedes desconhecidos, que é crucial para o sucesso do modelo de negócios. A falta de experiência da equipe em hospit","O problema do mercado é relevante, pois há uma demanda clara de viajantes por acomodações alternativas e econômicas, além de proprietários de imóveis com capacidade ociosa buscando fontes adicionais d"
qwen2.5:14b,S01,Airbnb,Ativa,Advogado do Diabo,Necessita Pivotagem,30,Problema de preço ou custo,10,64.19,"O maior risco é a dificuldade de construir confiança entre anfitriões e hóspedes desconhecidos. A startup precisa superar essa barreira para convencer as pessoas a usar a plataforma, o que pode ser di","O problema identificado é a capacidade ociosa de residências e a busca por hospedagem alternativa. No entanto, a Grande Recessão de 2008-2009 pode ter criado uma demanda temporária por alternativas de"
qwen2.5:14b,S01,Airbnb,Ativa,Investidor Anjo,Necessita Pivotagem,30,Produto ruim,8,60.53,"O maior risco é a construção de confiança entre anfitriões e hóspedes. Sem um sistema de avaliação robusto e uma forte presença na comunidade, a startup pode ter dificuldades para atrair usuários e ge","O problema de encontrar acomodações alternativas e econômicas é relevante, especialmente durante a recessão econômica de 2008-2009, quando os proprietários de imóveis buscam formas de gerar renda adic"
qwen2.5:14b,S06,Mercado Livre,Ativa,Controle,Necessita Pivotagem,30,Concorrência predatória,8,54.66,"O maior risco estrutural é a possível entrada de um concorrente estabelecido como o eBay, que poderia sufocar a startup antes que ela atinja uma escala crítica de liquidez bilateral.","O problema identificado é relevante, pois em mercados emergentes com baixa penetração de internet e infraestrutura de comércio eletrônico incipiente, a falta de acesso ao varejo moderno é um desafio s"
qwen2.5:14b,S06,Mercado Livre,Ativa,Advogado do Diabo,Rejeitada,20,Concorrência predatória,10,76.07,O risco crítico é a possível entrada do eBay no mercado regional. O eBay é um líder global no segmento de marketplaces e tem recursos significativamente maiores para investir em marketing e desenvolvi,"O problema identificado é a falta de confiança entre compradores e vendedores em um mercado emergente com baixa penetração de internet e infraestrutura de comércio eletrônico incipiente. No entanto, e"
qwen2.5:14b,S06,Mercado Livre,Ativa,Investidor Anjo,Necessita Pivotagem,30,Concorrência predatória,8,57.34,"O maior risco é a possível entrada do eBay no mercado regional, que poderia sufocar a startup antes que ela atinja a escala crítica necessária para sobreviver. A concorrência predatória de um player g","O problema de acesso ao varejo moderno para consumidores e pequenos comerciantes em mercados emergentes é significativo. A falta de infraestrutura de comércio eletrônico, bancarização limitada e logís"
qwen2.5:32b,F01,Quibi,Falha,Controle,Necessita Pivotagem,60,Concorrência predatória,8,156.04,O maior risco estrutural é a concorrência predatória de plataformas de vídeo curto gratuitas e serviços sociais de entretenimento já altamente consolidados. A startup precisa superar a barreira de ent,"O problema de oferecer conteúdo de alta qualidade em formato de micro-entretenimento é relevante, especialmente para um público que busca entretenimento rápido e de qualidade em dispositivos móveis. N"
qwen2.5:32b,F01,Quibi,Falha,Advogado do Diabo,Necessita Pivotagem,30,Sem necessidade de mercado,9,149.92,"O maior risco é a saturação do mercado de entretenimento móvel, onde o público-alvo pode não estar disposto a pagar por um serviço adicional quando já existe uma abundância de opções gratuitas. Isso p",O problema de entretenimento de alta qualidade em dispositivos móveis não é suficientemente grave para justificar a necessidade de uma nova plataforma de streaming premium. Com o mercado já dominado p
qwen2.5:32b,F01,Quibi,Falha,Investidor Anjo,Rejeitada,30,Sem necessidade de mercado,8,131.81,O maior risco é a falta de demanda por um serviço premium de micro-entretenimento em um mercado dominado por opções gratuitas e populares. A startup pode não conseguir atrair e reter assinantes sufici,"O problema de entretenimento de alta qualidade em formato curto para dispositivos móveis é real, mas o mercado já está saturado com plataformas gratuitas e populares. A necessidade de um serviço premi"
qwen2.5:32b,S01,Airbnb,Ativa,Controle,Necessita Pivotagem,55,Produto ruim,8,126.37,"O maior risco estrutural é a construção de confiança bilateral entre anfitriões e hóspedes. Sem uma solução robusta para este problema, a plataforma pode enfrentar dificuldades em atrair e reter usuár","O problema do mercado de hospedagem alternativa é relevante, especialmente em um contexto econômico de recessão, onde proprietários de imóveis buscam alternativas para monetizar a capacidade ociosa e "
qwen2.5:32b,S01,Airbnb,Ativa,Advogado do Diabo,Necessita Pivotagem,30,Produto ruim,9,138.17,"O maior risco é a falta de confiança bilateral entre anfitriões e hóspedes, que pode levar a uma baixa taxa de conversão e dificultar a escala do negócio. Sem uma solução eficaz para este problema, a ",O problema de monetização de capacidade ociosa em residências e a busca por alternativas de hospedagem autênticas e econômicas pode não ser grave o suficiente para impulsionar uma demanda sustentável.
qwen2.5:32b,S01,Airbnb,Ativa,Investidor Anjo,Necessita Pivotagem,40,Equipe inadequada,8,124.58,"O maior risco é a falta de confiança entre anfitriões e hóspedes, que pode levar a um alto índice de cancelamentos e baixa retenção de usuários. A falta de experiência da equipe em marketplaces e hosp","O problema do mercado de hospedagem alternativa é urgente, especialmente em um contexto econômico desafiador como a Grande Recessão. Proprietários de imóveis têm incentivos financeiros para monetizar "
qwen2.5:32b,S06,Mercado Livre,Ativa,Controle,Necessita Pivotagem,30,Equipe inadequada,8,97.93,A possível entrada de um competidor global como o eBay pode sufocar a operação nascente antes que ela atinja escala crítica.,"O problema de confiança entre compradores e vendedores em mercados emergentes é real e crítico, mas a baixa penetração de internet (3%) e a infraestrutura limitada de pagamentos e logística representa"
qwen2.5:32b,S06,Mercado Livre,Ativa,Advogado do Diabo,Rejeitada,20,Concorrência predatória,10,140.86,"A possível entrada do eBay no mercado regional é o risco mais letal. O eBay tem uma marca estabelecida, recursos significativos e experiência em operações de marketplace global, o que pode sufocar a o","O problema de confiança entre partes desconhecidas é real, mas a baixa penetração de internet (3%) e a limitada bancarização sugerem que o mercado-alvo pode não estar pronto para adotar uma solução di"
qwen2.5:32b,S06,Mercado Livre,Ativa,Investidor Anjo,Rejeitada,30,Equipe inadequada,8,115.31,"A possível entrada do eBay no mercado regional pode sufocar a operação nascente antes de atingir escala crítica de liquidez bilateral. Além disso, a falta de infraestrutura de pagamento e logística co","O problema de confiança e infraestrutura limitada em mercados emergentes é real, mas a urgência e frequência do problema podem não ser suficientes para justificar uma mudança de comportamento signific"
